<?xml version="1.0" encoding="UTF-8"?>
<!DOCTYPE fontscolors PUBLIC "-//NetBeans//DTD Editor Fonts and Colors settings 1.1//EN" "http://www.netbeans.org/dtds/EditorFontsColors-1_1.dtd">
<fontscolors>
    <fontcolor name="nbeditor-bracesMatching-match" underline="white"/>
    <fontcolor foreColor="ffffa8a8" name="text-limit-line-color"/>
    <fontcolor foreColor="ff666666" name="code-folding"/>
    <fontcolor foreColor="ffcc0099" name="synchronized-text-blocks-ext"/>
    <fontcolor bgColor="red" foreColor="white" name="nbeditor-bracesMatching-mismatch"/>
    <fontcolor bgColor="gray" name="highlight-caret-row"/>
    <fontcolor foreColor="black" name="caret-color-overwrite-mode"/>
    <fontcolor name="status-bar"/>
    <fontcolor bgColor="ffdfdfdf" name="guarded"/>
    <fontcolor name="trailing-whitespace"/>
    <fontcolor bgColor="red" foreColor="white" name="nbeditor-bracesMatching-mismatch-multichar"/>
    <fontcolor foreColor="red" name="status-bar-bold"/>
    <fontcolor foreColor="ff6b8eb2" name="nbeditor-bracesMatching-sidebar"/>
    <fontcolor bgColor="ffe9e8e2" foreColor="black" name="line-number"/>
    <fontcolor bgColor="gray" name="readonly-files"/>
    <fontcolor bgColor="ffffb442" foreColor="black" name="highlight-search"/>
    <fontcolor foreColor="ff666666" name="code-folding-bar"/>
    <fontcolor foreColor="ff996600" name="synchronized-text-blocks-ext-slave"/>
    <fontcolor foreColor="ffd3d3d3" name="indent-guide-lines"/>
    <fontcolor name="indent-whitespace"/>
    <fontcolor bgColor="gray" foreColor="black" name="block-search"/>
    <fontcolor bgColor="gray" name="selection"/>
    <fontcolor bgColor="ffffb442" foreColor="black" name="inc-search"/>
    <fontcolor name="nbeditor-bracesMatching-match-multichar"/>
    <fontcolor foreColor="black" name="caret-color-insert-mode"/>
    <fontcolor foreColor="blue" name="hyperlinks" underline="blue"/>
</fontscolors>
