<?xml version="1.0" encoding="UTF-8"?>
<!DOCTYPE fontscolors PUBLIC "-//NetBeans//DTD Editor Fonts and Colors settings 1.1//EN" "http://www.netbeans.org/dtds/EditorFontsColors-1_1.dtd">
<fontscolors>
    <fontcolor foreColor="lightGray" name="markup-attribute"/>
    <fontcolor name="private"/>
    <fontcolor foreColor="ff81fa55" name="string"/>
    <fontcolor bgColor="red" name="deprecated" strikeThrough="darkGray"/>
    <fontcolor bgColor="red" foreColor="white" name="error"/>
    <fontcolor name="interface"/>
    <fontcolor foreColor="pink" name="entity-reference"/>
    <fontcolor foreColor="ff66cc00" name="operator"/>
    <fontcolor foreColor="ffad81ff" name="number"/>
    <fontcolor bgColor="ff1d1f21" foreColor="white" name="default">
        <font name="Consolas" size="14" style="plain"/>
    </fontcolor>
    <fontcolor name="protected"/>
    <fontcolor name="public"/>
    <fontcolor name="method-parameter">
        <font style="italic"/>
    </fontcolor>
    <fontcolor bgColor="96787878" foreColor="magenta" name="warning" waveUnderlined="ff4e5d93"/>
    <fontcolor foreColor="ff88cbff" name="keyword"/>
    <fontcolor name="class">
        <font style="italic"/>
    </fontcolor>
    <fontcolor name="local-variable"/>
    <fontcolor foreColor="white" name="identifier"/>
    <fontcolor name="static">
        <font style="italic"/>
    </fontcolor>
    <fontcolor name="method">
        <font style="italic"/>
    </fontcolor>
    <fontcolor name="constructor">
        <font style="italic"/>
    </fontcolor>
    <fontcolor foreColor="magenta" name="markup-element"/>
    <fontcolor default="string" foreColor="2e88c8fa" name="markup-attribute-value"/>
    <fontcolor name="abstract"/>
    <fontcolor foreColor="lightGray" name="separator"/>
    <fontcolor name="enum"/>
    <fontcolor name="url" underline="ff4e5d93"/>
    <fontcolor foreColor="ff6d97ea" name="field">
        <font style="italic"/>
    </fontcolor>
    <fontcolor foreColor="yellow" name="char"/>
    <fontcolor foreColor="ff75715e" name="comment"/>
    <fontcolor foreColor="gray" name="unused" waveUnderlined="pink"/>
    <fontcolor name="whitespace"/>
</fontscolors>
