<?xml version="1.0" encoding="UTF-8"?>
<!DOCTYPE fontscolors PUBLIC "-//NetBeans//DTD Editor Fonts and Colors settings 1.1//EN" "http://www.netbeans.org/dtds/EditorFontsColors-1_1.dtd">
<fontscolors>
    <fontcolor bgColor="orange" foreColor="darkGray" name="nbeditor-bracesMatching-match"/>
    <fontcolor foreColor="red" name="text-limit-line-color"/>
    <fontcolor name="code-folding"/>
    <fontcolor foreColor="ffcc0099" name="synchronized-text-blocks-ext"/>
    <fontcolor bgColor="ffd83636" name="nbeditor-bracesMatching-mismatch"/>
    <fontcolor name="highlight-caret-row"/>
    <fontcolor name="caret-color-overwrite-mode"/>
    <fontcolor name="status-bar"/>
    <fontcolor name="guarded"/>
    <fontcolor name="trailing-whitespace"/>
    <fontcolor bgColor="ffd83636" foreColor="white" name="nbeditor-bracesMatching-mismatch-multichar"/>
    <fontcolor foreColor="red" name="status-bar-bold"/>
    <fontcolor name="nbeditor-bracesMatching-sidebar"/>
    <fontcolor foreColor="white" name="line-number"/>
    <fontcolor bgColor="ffdfdfdf" name="readonly-files"/>
    <fontcolor bgColor="ffcc9900" name="highlight-search"/>
    <fontcolor name="code-folding-bar"/>
    <fontcolor foreColor="ff996600" name="synchronized-text-blocks-ext-slave"/>
    <fontcolor name="indent-guide-lines"/>
    <fontcolor name="indent-whitespace"/>
    <fontcolor bgColor="gray" name="block-search"/>
    <fontcolor bgColor="gray" name="selection"/>
    <fontcolor bgColor="ffffb442" name="inc-search"/>
    <fontcolor bgColor="orange" foreColor="darkGray" name="nbeditor-bracesMatching-match-multichar"/>
    <fontcolor name="caret-color-insert-mode"/>
    <fontcolor foreColor="cyan" name="hyperlinks" underline="cyan"/>
</fontscolors>
